SiteID,lat,lon,datum
721130004,18.0093987185629,-66.6273775808383,WGS84
720590016,18.0448965997131,-66.8024188091822,WGS84
720690001,18.1532016666667,-65.8288186111111,WGS84
720970006,18.2001,-67.14588,WGS84
720210009,18.3995590510949,-66.1713467883212,WGS84
150030010,21.3268233668342,-158.091290201005,WGS84
150032004,21.3964078508217,-157.971496599241,WGS84
480612002,26.13517,-97.63004,WGS84
482150042,26.30986,-98.1831,WGS84
482730314,27.42698,-97.2987,WGS84
483550032,27.8044820937129,-97.4315520937129,WGS84
480290032,29.5150679652605,-98.6201810173697,WGS84
482010055,29.69574,-95.49924,WGS84
482011034,29.76799,-95.22058,WGS84
482010026,29.8025,-95.12556,WGS84
482450022,29.86396,-94.31778,WGS84
220758400,29.88546,-89.94952,WGS84
220518107,29.9198,-90.23178,WGS84
482450021,29.9229,-93.90901,WGS84
220870004,29.93961,-89.92388,WGS84
220718401,29.96249,-90.05689,WGS84
220878103,29.97144,-89.9986,WGS84
220518106,29.99926,-90.21162,WGS84
220718105,30.01691,-89.92718,WGS84
220518105,30.02089,-90.1231,WGS84
220718106,30.03233,-90.04546,WGS84
220718110,30.0655,-89.80477,WGS84
483611001,30.08526,-93.76135,WGS84
220718109,30.16635,-89.73733,WGS84
221038401,30.26588,-89.76997,WGS84
280458104,30.26892,-89.44933,WGS84
280458108,30.28674,-89.3743,WGS84
280450003,30.30083,-89.39592,WGS84
221038400,30.31445,-89.81415,WGS84
280478107,30.31969,-89.26739,WGS84
483390078,30.35032,-95.42513,WGS84
280478101,30.37368,-89.15513,WGS84
280590006,30.3783462071918,-88.5339559417808,WGS84
280470008,30.39037,-89.04978,WGS84
280458201,30.39319,-89.58038,WGS84
280478106,30.40288,-88.87987,WGS84
280458105,30.40966,-89.44114,WGS84
120730012,30.43972,-84.3473475534645,WGS84
280478102,30.449,-89.05268,WGS84
120330030,30.4589,-87.334,WGS84
120330029,30.4594,-87.3285,WGS84
220330009,30.46198,-91.17922,WGS84
120330028,30.4641,-87.3287,WGS84
120330027,30.4678,-87.3316,WGS84
280478103,30.47092,-88.9827,WGS84
010972005,30.47467,-88.14114,WGS84
484530020,30.48317,-97.8723066602317,WGS84
010030010,30.498,-87.88141,WGS84
221210001,30.5010330143822,-91.2123990959789,WGS84
482430004,30.66938,-104.02463,WGS84
010970002,30.76652,-88.07573,WGS84
010970003,30.76994,-88.08753,WGS84
010690003,31.22636,-85.39077,WGS84
280350004,31.32364,-89.28717,WGS84
280010004,31.560638705036,-91.3903903597122,WGS84
130950007,31.57692,-84.10019,WGS84
280670002,31.68864,-89.13511,WGS84
481410055,31.74676,-106.40279,WGS84
481410053,31.7585,-106.50102,WGS84
481410044,31.7656825285481,-106.45522,WGS84
481410037,31.768282369146,-106.501252369146,WGS84
481350003,31.83658,-102.34198,WGS84
280490019,32.33037,-90.1662,WGS84
011190002,32.36401,-88.20186,WGS84
280750003,32.36456,-88.73149,WGS84
481830001,32.37871,-94.71183,WGS84
280490010,32.3857418988465,-90.1411246406389,WGS84
011011002,32.40712,-86.25637,WGS84
450130007,32.43488,-80.67785,WGS84
132150001,32.48354,-84.98098,WGS84
482570005,32.56497,-96.31766,WGS84
131530001,32.6056,-83.59791,WGS84
040270004,32.677,-114.6489,WGS84
040278011,32.69028,-114.61444,WGS84
060731010,32.70149,-117.14965,WGS84
060731011,32.72523,-116.3652,WGS84
481130057,32.77889,-96.87306,WGS84
450190006,32.78093,-79.9736,WGS84
450190049,32.79098,-79.95869,WGS84
130210012,32.8053738134058,-83.5435434148551,WGS84
484391002,32.80582,-97.35657,WGS84
450190009,32.83075,-79.9572,WGS84
060730006,32.83646,-117.128729807692,WGS84
450190008,32.83792,-79.86706,WGS84
450190051,32.84355,-79.95699,WGS84
060731016,32.84547,-117.12389,WGS84
040210001,32.8777384615385,-111.752135384615,WGS84
133190001,32.8817949070632,-83.3338041263941,WGS84
450190048,32.98025,-80.06501,WGS84
040213013,33.01053,-111.97205,WGS84
050030005,33.1376076010318,-91.9502698882201,WGS84
011250004,33.18935,-87.48422,WGS84
010270001,33.28126,-85.80218,WGS84
011170006,33.31293,-86.8211,WGS84
010731005,33.33111,-87.00361,WGS84
450030003,33.34223,-81.78873,WGS84
060731201,33.36259,-117.09023,WGS84
450430009,33.37399,-79.2857,WGS84
010732006,33.38639,-86.81667,WGS84
040134003,33.40316,-112.07533,WGS84
040134009,33.40642,-112.14434,WGS84
040131003,33.41045,-111.86507,WGS84
040213002,33.4213341541187,-111.503081612046,WGS84
480370004,33.42576,-94.0708071791768,WGS84
060650009,33.44787,-117.08865,WGS84
010731009,33.45972,-87.30556,WGS84
040130019,33.48385,-112.14257,WGS84
040137020,33.48824,-111.85565,WGS84
280870001,33.49112,-88.41857,WGS84
010732003,33.49972,-86.92417,WGS84
040139997,33.5037726827243,-112.095624991694,WGS84
010731010,33.54528,-86.54917,WGS84
010730023,33.55306,-86.815,WGS84
010736004,33.56528,-86.79639,WGS84
483030325,33.59082,-101.85041,WGS84
060592022,33.63003,-117.67593,WGS84
450510002,33.70277,-78.87748,WGS84
010735002,33.70472,-86.66917,WGS84
060652002,33.70853,-116.21537,WGS84
450370001,33.73996,-81.85363,WGS84
280110001,33.74606,-90.72303,WGS84
060374004,33.79236,-118.17533,WGS84
010735003,33.80167,-86.9425,WGS84
060374002,33.82376,-118.18921,WGS84
280430001,33.8348507816092,-89.793872137931,WGS84
060655001,33.85275,-116.54101,WGS84
060371302,33.90139,-118.205,WGS84
060371301,33.92899,-118.21071,WGS84
060651016,33.945,-116.83,WGS84
060651003,33.94603,-117.40063,WGS84
450790019,33.99151,-81.02414,WGS84
010550010,33.99375,-85.99107,WGS84
060658005,33.99564,-117.4933,WGS84
060658001,33.99958,-117.41601,WGS84
060371602,34.01194,-118.06995,WGS84
060371601,34.01407,-118.06056,WGS84
130670003,34.0154681075775,-84.6074164036121,WGS84
450630008,34.05102,-81.15495,WGS84
060371103,34.06659,-118.22688,WGS84
450790007,34.09396,-80.9623,WGS84
060712002,34.10002,-117.49201,WGS84
060719004,34.10688,-117.27411,WGS84
450791001,34.13126,-80.86832,WGS84
060372005,34.1326,-118.1272,WGS84
060370002,34.1365,-117.92391,WGS84
450410002,34.16764,-79.8504,WGS84
060371002,34.17605,-118.31712,WGS84
060371201,34.19925,-118.53276,WGS84
450470003,34.21287,-82.17315,WGS84
450410003,34.21426,-79.76735,WGS84
040070008,34.22934,-111.32942,WGS84
131150005,34.2632,-85.30483,WGS84
280810005,34.26492,-88.76622,WGS84
010491003,34.28763,-85.9683,WGS84
371290002,34.36417,-77.83861,WGS84
050510003,34.4696852971137,-93.0185893887946,WGS84
050010011,34.5184811790017,-91.5589211790017,WGS84
011030011,34.51873,-86.97694,WGS84
051130002,34.5841570811744,-94.2261952849741,WGS84
040252002,34.595,-112.331,WGS84
450250001,34.61537,-80.19879,WGS84
051191005,34.67627,-92.33716,WGS84
051191008,34.6813997399286,-92.3286330188679,WGS84
051191004,34.7294721914358,-92.243512720403,WGS84
450450016,34.75185,-82.2567,WGS84
371330005,34.77283,-77.42796,WGS84
450730001,34.80526,-83.2377,WGS84
280330002,34.82166,-89.98783,WGS84
450450008,34.83881,-82.40292,WGS84
450450015,34.8439019856887,-82.4145860286226,WGS84
450450009,34.89914,-82.31307,WGS84
401210415,34.90227,-95.78437,WGS84
450830010,34.92684,-82.00521,WGS84
370610002,34.95482,-77.96078,WGS84
450830011,34.95557,-81.9248,WGS84
370510009,35.04142,-78.95311,WGS84
350010024,35.0631,-106.57878,WGS84
050450002,35.0973223705409,-92.4131957997699,WGS84
350010023,35.1343,-106.5852,WGS84
371190042,35.15128,-80.86698,WGS84
471570075,35.1517,-89.85025,WGS84
471570047,35.1689200867052,-90.0215550433526,WGS84
050350005,35.1971030653266,-90.1925279396985,WGS84
483750320,35.20159,-101.90924,WGS84
371070004,35.23146,-77.56879,WGS84
371190041,35.2401,-80.78568,WGS84
370710016,35.25306,-81.15333,WGS84
051150003,35.27695375,-93.1207658181818,WGS84
371190043,35.3041,-80.88865,WGS84
371910005,35.36921,-77.99389,WGS84
401359021,35.40814,-94.52441,WGS84
371730002,35.43551,-83.4437,WGS84
401090035,35.47292,-97.52709,WGS84
370870010,35.48917,-82.9875,WGS84
370870012,35.50575,-82.97918,WGS84
350439011,35.5064,-106.7222,WGS84
371590021,35.55187,-80.39504,WGS84
401359015,35.58117,-94.83006,WGS84
371010002,35.59083,-78.46194,WGS84
370210034,35.6075,-82.58333,WGS84
401091037,35.61413,-97.47508,WGS84
371470006,35.63861,-77.35805,WGS84
371110004,35.6874515270936,-81.9938424794746,WGS84
370350006,35.7278,-81.3425,WGS84
371830020,35.7288,-78.6802,WGS84
370350004,35.72889,-81.36556,WGS84
400019009,35.75073,-94.6697,WGS84
370370004,35.75722,-79.15972,WGS84
470090011,35.7685120517395,-83.9421258608385,WGS84
370570003,35.77881,-80.30236,WGS84
370570002,35.81444,-80.2625,WGS84
370570004,35.84119,-80.24452,WGS84
400219002,35.85408,-94.98596,WGS84
371830014,35.85611,-78.57417,WGS84
040011235,35.88197,-109.434,WGS84
471453009,35.88982,-84.51713,WGS84
371350007,35.90194,-79.05667,WGS84
471453005,35.90257,-84.52406,WGS84
471453001,35.9049,-84.51157,WGS84
471453008,35.90712,-84.49709,WGS84
371210001,35.91528,-82.07333,WGS84
471451001,35.9168,-84.50352,WGS84
471453006,35.9181,-84.51115,WGS84
370650004,35.93355,-77.75007,WGS84
471450004,35.9387737213404,-84.5435415167548,WGS84
470930028,35.9446,-84.03598,WGS84
470931017,35.97807,-83.95067,WGS84
470931013,35.98042,-83.93281,WGS84
370630001,35.99194,-78.89639,WGS84
470931020,36.01919,-83.87381,WGS84
370630015,36.0199341037736,-78.9025555306604,WGS84
370670030,36.026,-80.342,WGS84
370810014,36.06866,-80.00705,WGS84
370010002,36.089,-79.40782,WGS84
401430110,36.14004,-95.92538,WGS84
051430005,36.1797,-94.11683,WGS84
401431127,36.2049,-95.97654,WGS84
400979014,36.22841,-95.24994,WGS84
370330001,36.30703,-79.46742,WGS84
471251011,36.53781,-87.32778,WGS84
400710602,36.70533,-97.08766,WGS84
350450019,36.77416,-108.16503,WGS84
517100024,36.8566510275689,-76.3015079949875,WGS84
060392010,36.95326,-120.0342,WGS84
400719010,36.95622,-97.03135,WGS84
517000013,37.0998,-76.48105,WGS84
080677003,37.10258,-107.87022,WGS84
516500008,37.10373,-76.38702,WGS84
080677001,37.13678,-107.62863,WGS84
290770032,37.2029724877451,-93.2840142401961,WGS84
080070001,37.26842,-107.00966,WGS84
511611004,37.28342,-79.88452,WGS84
517700015,37.2971749426868,-79.9556509170105,WGS84
517750011,37.29788,-80.08102,WGS84
516800015,37.3467597857755,-79.2015062296487,WGS84
080830006,37.3500457474227,-108.59187242268,WGS84
510410003,37.4353887692308,-77.4510052991453,WGS84
510870014,37.5574211379801,-77.4002749786629,WGS84
060010009,37.74306,-122.16994,WGS84
540810002,37.80777,-81.19743,WGS84
081130004,37.93787,-107.81306,WGS84
181630016,37.97444,-87.5322759019264,WGS84
181630020,37.97525,-87.56783,WGS84
181630021,38.01325,-87.57786,WGS84
211110051,38.06091,-85.898029928264,WGS84
510030001,38.0765229950495,-78.5039491089109,WGS84
170650002,38.08216,-88.62494,WGS84
171570001,38.17628,-89.78846,WGS84
211110044,38.19113,-85.7793616545265,WGS84
211110067,38.22876,-85.65452,WGS84
211110043,38.2331971078431,-85.8156647385621,WGS84
211110048,38.2404006837607,-85.7318094017094,WGS84
081010012,38.26306,-104.61213,WGS84
081010015,38.2761,-104.59761,WGS84
180510012,38.32293,-87.31879,WGS84
540390010,38.3456,-81.62832,WGS84
540391005,38.36618,-81.69372,WGS84
180370004,38.36944,-86.95903,WGS84
180190008,38.39383,-85.66417,WGS84
180370005,38.40478,-86.92832,WGS84
540110006,38.42413,-82.4259,WGS84
290990019,38.44863,-90.39854,WGS84
540390011,38.44883,-81.68472,WGS84
291890015,38.45676,-90.32748,WGS84
390870012,38.50811,-82.6593,WGS84
171634001,38.52963,-89.99285,WGS84
171630010,38.61203,-90.16048,WGS84
171639010,38.61203,-90.16048,WGS84
060670006,38.6139606734694,-121.367514306122,WGS84
295100093,38.65376,-90.18691,WGS84
171190023,38.69956,-90.14353,WGS84
171190024,38.70063,-90.14476,WGS84
171191007,38.70453,-90.13967,WGS84
080290004,38.73921,-108.07312,WGS84
515100009,38.8104,-77.04435,WGS84
080410011,38.82804,-104.82774,WGS84
510591005,38.8375075,-77.1632433928571,WGS84
080410017,38.84801,-104.82856,WGS84
171193007,38.86067,-90.10585,WGS84
080510005,38.87805,-106.9747,WGS84
080410008,38.89598,-104.7613,WGS84
080510007,38.90039,-106.9661,WGS84
171192009,38.90308,-90.14317,WGS84
110010043,38.9206712765957,-77.0129092121909,WGS84
180550001,38.98558,-86.99012,WGS84
210373002,39.021837983871,-84.47445,WGS84
080770017,39.0638,-108.56117,WGS84
170831001,39.11054,-90.32408,WGS84
181050003,39.15938,-86.50476,WGS84
080390001,39.23138,-104.63477,WGS84
540330003,39.27812,-80.34225,WGS84
510690010,39.2815484160757,-78.0815159574468,WGS84
541071002,39.32353,-81.55237,WGS84
340011006,39.3631933521127,-74.4306203943662,WGS84
340010006,39.46487,-74.44874,WGS84
390170020,39.47244,-84.39495,WGS84
390170019,39.47885,-84.40767,WGS84
540490006,39.48148,-80.13467,WGS84
320310016,39.52508,-119.80772,WGS84
080350004,39.53449,-105.07036,WGS84
080050005,39.6044,-105.01953,WGS84
540610003,39.64937,-79.92087,WGS84
080310025,39.70401,-104.99811,WGS84
080310002,39.75118,-104.98762,WGS84
180970084,39.75885,-86.11541,WGS84
180970083,39.7749679863481,-86.1220290102389,WGS84
080310023,39.78108,-104.95665,WGS84
180970081,39.7889,-86.21463,WGS84
180970078,39.8111,-86.11447,WGS84
080010006,39.82601,-104.93744,WGS84
340150004,39.83081,-75.28472,WGS84
340155001,39.83081,-75.28472,WGS84
171670012,39.83192,-89.64416,WGS84
420290100,39.83446,-75.76824,WGS84
420450002,39.83556,-75.3725,WGS84
171150013,39.86683,-88.92559,WGS84
170010007,39.91541,-91.33587,WGS84
540511002,39.91596,-80.73386,WGS84
420010001,39.92002,-77.30968,WGS84
340070003,39.92304,-75.09762,WGS84
170010006,39.93301,-91.40424,WGS84
421010003,39.94418,-75.16572,WGS84
421330008,39.96528,-76.69944,WGS84
340071007,39.9889897827976,-75.0497559600348,WGS84
340292002,39.9948649948858,-74.1703918683941,WGS84
180650003,40.0103405960854,-85.5235110676157,WGS84
080130012,40.0211,-105.26338,WGS84
421011002,40.03598,-75.0024,WGS84
420710007,40.04667,-76.28333,WGS84
170191001,40.0522790275953,-88.372547109067,WGS84
420170012,40.10722,-74.88222,WGS84
420910013,40.11222,-75.30917,WGS84
540690010,40.11488,-80.70097,WGS84
170190004,40.1238,-88.22953,WGS84
170190006,40.12389,-88.24055,WGS84
180950011,40.1257,-85.65218,WGS84
421250005,40.14667,-79.90222,WGS84
080130003,40.16458,-105.10086,WGS84
421250200,40.17056,-80.26139,WGS84
081230008,40.20939,-104.82405,WGS84
340210008,40.2224012383798,-74.7631686520584,WGS84
420430401,40.2457764553571,-76.8456057053571,WGS84
420410101,40.24653,-77.18675,WGS84
420033007,40.2942961938959,-79.8855893895871,WGS84
421290008,40.30469,-79.50567,WGS84
420210011,40.30972,-78.915,WGS84
420110009,40.32028,-75.92667,WGS84
540090005,40.34102,-80.59664,WGS84
420110011,40.38335,-75.9686,WGS84
420110010,40.39269,-75.92522,WGS84
191110008,40.40096,-91.39101,WGS84
081230006,40.41488,-104.70693,WGS84
540291004,40.42154,-80.58072,WGS84
421255001,40.44528,-80.42083,WGS84
420990301,40.45694,-77.16556,WGS84
340230006,40.472805888014,-74.422472335958,WGS84
081070003,40.4852,-106.83163,WGS84
180670003,40.4855031065469,-86.1328511168164,WGS84
171132003,40.51873,-88.9969,WGS84
080690009,40.57129,-105.07969,WGS84
360850067,40.5969296616541,-74.1256446115288,WGS84
340392003,40.60394,-74.27617,WGS84
420770004,40.61194,-75.4325,WGS84
420950025,40.62806,-75.34111,WGS84
360590008,40.6310257395702,-73.73388,WGS84
340390004,40.64144,-74.20837,WGS84
420950027,40.64589,-75.4044,WGS84
340390006,40.6734130449827,-74.213950899654,WGS84
191770006,40.69508,-92.00632,WGS84
171430037,40.69701,-89.58474,WGS84
340410006,40.69921,-75.18053,WGS84
360470122,40.7196679661017,-73.9477618644068,WGS84
340171003,40.72545,-74.05229,WGS84
360610128,40.7300098365385,-73.98446,WGS84
340130015,40.73029,-74.21274,WGS84
360810124,40.7361572282609,-73.8220009057971,WGS84
361030002,40.74529,-73.41919,WGS84
420070014,40.7478,-80.31644,WGS84
360610056,40.7591629086538,-73.9665241826923,WGS84
340172002,40.77279,-74.03172,WGS84
060231004,40.77694,-124.1775,WGS84
490353010,40.78422,-111.931,WGS84
340273001,40.78763,-74.6763,WGS84
340270004,40.8013893646649,-74.4836190600522,WGS84
420270100,40.81139,-77.87703,WGS84
360050080,40.8360672107438,-73.9201332644628,WGS84
340030003,40.85226,-73.97331,WGS84
360050133,40.8679,-73.87809,WGS84
490110004,40.90297,-111.88447,WGS84
340310005,40.9184719542254,-74.1679179753521,WGS84
191370002,40.96911,-95.04495,WGS84
391030004,41.0604,-81.9239,WGS84
090013005,41.1125,-73.40722,WGS84
090019003,41.11833,-73.33667,WGS84
311530007,41.133583667263,-95.9558522182469,WGS84
560210001,41.13998,-104.8178,WGS84
181830003,41.16965,-85.62929,WGS84
090010010,41.17083,-73.19472,WGS84
560210100,41.18223,-104.77833,WGS84
420850100,41.21501,-80.48478,WGS84
171971011,41.22154,-88.19097,WGS84
310550052,41.253748159292,-96.0744874424779,WGS84
191550009,41.26417,-95.89612,WGS84
420791101,41.26556,-75.84639,WGS84
090090026,41.29111,-72.89417,WGS84
170990007,41.29301,-89.04942,WGS84
090090027,41.3012577972934,-72.9028258681255,WGS84
090091123,41.31083,-72.91694,WGS84
560010006,41.31159,-105.59172,WGS84
090092008,41.33139,-72.91972,WGS84
090011123,41.39917,-73.44306,WGS84
191390015,41.4009568669818,-91.0678615023633,WGS84
191390020,41.4069,-91.0616,WGS84
191390018,41.41439,-91.06261,WGS84
191390016,41.41943,-91.07098,WGS84
420692006,41.44278,-75.62306,WGS84
360710002,41.4992521913044,-74.0091117043478,WGS84
191630020,41.51208,-90.62404,WGS84
171613002,41.51473,-90.51735,WGS84
191630019,41.51777,-90.61875,WGS84
090113002,41.52417,-72.07667,WGS84
171971002,41.52689,-88.11647,WGS84
191630015,41.53001,-90.58761,WGS84
180890027,41.5466140102171,-87.4264529885057,WGS84
191630018,41.55,-90.60012,WGS84
090092123,41.55056,-73.04361,WGS84
191530059,41.58318,-93.58385,WGS84
560370007,41.59161,-109.22072,WGS84
180890031,41.59851,-87.34299,WGS84
191530030,41.6031697294152,-93.6432075647367,WGS84
191532510,41.60352,-93.7479,WGS84
090050004,41.64486,-73.07908,WGS84
180390008,41.65691,-85.96837,WGS84
191032001,41.65723,-91.50348,WGS84
170312001,41.66211,-87.69647,WGS84
390950028,41.6624364992826,-83.4780631850789,WGS84
170310001,41.67099,-87.73246,WGS84
250051004,41.6837610025707,-71.1691838560411,WGS84
170310022,41.68717,-87.53932,WGS84
170310050,41.70757,-87.56857,WGS84
090032006,41.7425,-72.63444,WGS84
170310076,41.7514,-87.71349,WGS84
170434002,41.77107,-88.15253,WGS84
170313301,41.78277,-87.80538,WGS84
170890007,41.78472,-88.32937,WGS84
090031003,41.78472,-72.63167,WGS84
170311016,41.80117,-87.83195,WGS84
090050005,41.8213648495271,-73.2972401203783,WGS84
190450019,41.82328,-90.21198,WGS84
170316005,41.86443,-87.7489,WGS84
190450021,41.875,-90.17757,WGS84
311570004,41.87685,-103.65656,WGS84
170310057,41.91286,-87.72272,WGS84
170313103,41.96519,-87.87627,WGS84
170310052,41.96549,-87.74993,WGS84
191130040,41.97677,-91.68766,WGS84
191710007,41.98731,-92.65225,WGS84
260910007,41.99557,-83.94656,WGS84
170890003,42.0504,-88.28002,WGS84
170314007,42.06029,-87.86322,WGS84
250132009,42.1054957605761,-72.5971636273627,WGS84
250130016,42.1086635249366,-72.5906487066779,WGS84
170314201,42.14,-87.79923,WGS84
420490003,42.14175,-80.03861,WGS84
261630036,42.18729,-83.1539,WGS84
250130008,42.19438,-72.55511,WGS84
260210014,42.19779,-86.30969,WGS84
171110001,42.22144,-88.24221,WGS84
261630001,42.22862,-83.2082,WGS84
261610008,42.24056,-83.5996,WGS84
250270016,42.2588715038894,-71.7989320570441,WGS84
172010013,42.26308,-89.09277,WGS84
250270023,42.2638962318841,-71.7942163768116,WGS84
260770008,42.27807,-85.54189,WGS84
360130011,42.2907174358974,-79.5884834615385,WGS84
261630015,42.30279,-83.10653,WGS84
261630033,42.30667,-83.14875,WGS84
261630039,42.32334,-83.06847,WGS84
250250042,42.3294201359388,-71.0825201359388,WGS84
261630038,42.33501,-83.10956,WGS84
250250002,42.34887,-71.09716,WGS84
261630016,42.35781,-83.09603,WGS84
250250027,42.3719648883375,-71.0619767493797,WGS84
261630025,42.42306,-83.42626,WGS84
261630019,42.43084,-83.00014,WGS84
250035001,42.4475041068447,-73.2572577796327,WGS84
261250001,42.46306,-83.1832,WGS84
170971007,42.46757,-87.81005,WGS84
360130006,42.49963,-79.31881,WGS84
190130009,42.50154,-92.31602,WGS84
191930017,42.51797,-96.3879,WGS84
191930019,42.52235,-96.40021,WGS84
360010005,42.6422642578125,-73.7546295442708,WGS84
360010012,42.68075,-73.75733,WGS84
550430009,42.6924749063032,-90.6928734582624,WGS84
191970004,42.69539,-93.65598,WGS84
260990009,42.73139,-82.79346,WGS84
260650012,42.73862,-84.53463,WGS84
260050003,42.76779,-86.14858,WGS84
250095005,42.7707839156626,-71.1022659638554,WGS84
560131003,42.84105,-108.73628,WGS84
461270002,42.85097,-96.74733,WGS84
560250001,42.85106,-106.32509,WGS84
330115001,42.8617667307692,-71.8784145384615,WGS84
330150018,42.86254,-71.38017,WGS84
560350705,42.87053,-109.86096,WGS84
500030004,42.88759,-73.24984,WGS84
261390005,42.89445,-85.85273,WGS84
330050007,42.9305073965517,-72.274629637931,WGS84
261470005,42.95334,-82.45623,WGS84
260810007,42.95612,-85.67912,WGS84
260810020,42.98417,-85.67134,WGS84
360290002,42.99328,-78.77153,WGS84
260490021,43.04722,-83.67016,WGS84
360671015,43.0523561782787,-76.0592079405738,WGS84
330150014,43.0753032596685,-70.7480320883978,WGS84
191471002,43.1237,-94.69352,WGS84
330131006,43.13244,-71.4582939202658,WGS84
360551007,43.1461862032086,-77.5481575935829,WGS84
261210040,43.23306,-86.23858,WGS84
560090819,43.4266564583333,-105.385997916667,WGS84
550270001,43.46611,-88.62111,WGS84
560391006,43.47808,-110.76118,WGS84
460990008,43.54792,-96.70077,WGS84
460330132,43.5578,-103.4839,WGS84
260170014,43.57139,-83.89072,WGS84
410250003,43.5892083333333,-119.0489825,WGS84
160010010,43.6003321212121,-116.347891804408,WGS84
500210002,43.60806,-72.98278,WGS84
560050891,43.654365027027,-105.216432972973,WGS84
230050029,43.6602407989691,-70.2687000128866,WGS84
230050015,43.6769885431655,-70.2563153057554,WGS84
230010011,44.08941,-70.21422,WGS84
560050892,44.0984173643411,-105.342878682171,WGS84
410130100,44.2997090434783,-120.844740173913,WGS84
261010922,44.307,-86.24265,WGS84
261130001,44.31056,-84.89186,WGS84
230090103,44.37705,-68.2609,WGS84
360310003,44.3930864588979,-73.8589129177958,WGS84
560050899,44.46597,-105.55174,WGS84
500070014,44.4762,-73.2106,WGS84
500070012,44.48028,-73.21444,WGS84
560051899,44.4953689932886,-105.542254563758,WGS84
550090005,44.5100769372077,-87.9933643653975,WGS84
500070007,44.52839,-72.86884,WGS84
560290001,44.53243,-109.07297,WGS84
230112002,44.55014,-69.62988,WGS84
230172011,44.55142,-70.54632,WGS84
300310016,44.66139,-111.10589,WGS84
270370470,44.73846,-93.23725,WGS84
560330001,44.79716,-106.94985,WGS84
230190002,44.7988384330986,-68.7695242077465,WGS84
560330003,44.80549,-106.97624,WGS84
550350100,44.812,-91.496,WGS84
560330002,44.822459375,-106.95942214527,WGS84
270530961,44.87551,-93.25892,WGS84
271230866,44.89926,-93.01708,WGS84
270532006,44.94805,-93.34315,WGS84
271230868,44.95072,-93.09827,WGS84
270530963,44.95366,-93.25821,WGS84
271230871,44.95939,-93.03587,WGS84
271630445,45.01876,-92.78027,WGS84
271630446,45.02798,-92.77415,WGS84
270531007,45.03972,-93.29874,WGS84
270031002,45.13768,-93.20762,WGS84
160590004,45.1775046511628,-113.891038062015,WGS84
410610119,45.33897,-117.989952119701,WGS84
260470004,45.3485,-84.9701,WGS84
410510080,45.4966185714286,-122.602672504638,WGS84
300310006,45.72622,-111.06813,WGS84
300310018,45.79367,-111.16489,WGS84
410591003,45.82889,-119.26331,WGS84
410591002,45.83911,-119.283,WGS84
300930005,46.0024320441989,-112.500947679558,WGS84
270953051,46.2053,-93.75945,WGS84
300810001,46.24433,-114.15817,WGS84
300810007,46.24552,-114.15981,WGS84
530770016,46.37543,-120.72932,WGS84
530770015,46.38024,-120.33266,WGS84
230031011,46.6822665627864,-68.0161565627864,WGS84
271377551,46.76643,-92.13354,WGS84
271377550,46.81826,-92.08936,WGS84
380150003,46.82543,-100.76821,WGS84
380070002,46.8943,-103.37853,WGS84
380171004,46.93375,-96.85535,WGS84
380570004,47.29861,-101.76694,WGS84
230030014,47.3553108525755,-68.320926731794,WGS84
530330057,47.5632455813953,-122.340535062612,WGS84
380530002,47.5812,-103.2995,WGS84
300890007,47.59639,-115.32361,WGS84
530630016,47.6607829069767,-117.357690930233,WGS84
530630021,47.67248,-117.36485,WGS84
530611007,48.0551817062635,-122.174497327214,WGS84
530610020,48.2469,-121.6031,WGS84
530470013,48.39999,-119.51896,WGS84
380130003,48.87655,-102.56842,WGS84
380130002,48.9904,-102.7815,WGS84
CC0110001,49.1456,-103.09125,WGS84
022320002,59.46008,-135.31053,WGS84
020200018,61.2061871153846,-149.823131538462,WGS84
021700013,61.5988,-149.45525,WGS84
021700012,61.5989,-149.10622,WGS84
150090006,20.781,-156.44637,NAD83
120860033,25.9417277697189,-80.32639,NAD83
480612004,26.072172992126,-97.1652828346457,NAD83
482150043,26.2262379399727,-98.2910620600273,NAD83
120992005,26.4577088568173,-80.0930362856058,NAD83
120710005,26.6026276158382,-81.8786935046335,NAD83
120990009,26.7309660916442,-80.2339780592992,NAD83
483550034,27.8118167917448,-97.4657,NAD83
120573002,27.96565,-82.2304,NAD83
121031009,27.9860120017559,-82.7822149692713,NAD83
121056006,28.029114957265,-81.97222,NAD83
120090007,28.0538373026886,-80.62861,NAD83
120952002,28.5988595048655,-81.3629534172868,NAD83
120170005,28.98056,-82.7,NAD83
121275002,29.20667,-81.052938978389,NAD83
481671034,29.25447,-94.86129,NAD83
481670014,29.26332,-94.85657,NAD83
480290059,29.2753855137845,-98.3116789724311,NAD83
480430101,29.3025,-103.16782,NAD83
482011039,29.67002,-95.12851,NAD83
482011035,29.7337161372263,-95.25759,NAD83
482010058,29.7707,-95.0312235409458,NAD83
482010024,29.9010888613861,-95.326116039604,NAD83
220870007,29.94475,-89.97626,NAD83
483611100,30.19417,-93.86694,NAD83
484530021,30.2632178125,-97.71288,NAD83
120310099,30.3556097908575,-81.5480044517478,NAD83
480430002,30.3658,-103.6491,NAD83
280450002,30.38,-89.44833,NAD83
120330025,30.437,-87.256,NAD83
281090001,30.5295,-89.69106,NAD83
120330026,30.55,-87.376,NAD83
131850003,30.8484051173184,-83.2936794636872,NAD83
040230004,31.3372,-110.93672,NAD83
040031005,31.3490948594378,-109.539424317269,NAD83
281210001,32.27553,-90.13253,NAD83
040191028,32.29515,-110.9823,NAD83
281230001,32.32,-89.66667,NAD83
280490020,32.32911,-90.18272,NAD83
132150011,32.4304406322351,-84.9317174087266,NAD83
481390015,32.43694,-97.025,NAD83
481390016,32.4821757757009,-97.026933682243,NAD83
482030002,32.6689976774194,-94.1674523225806,NAD83
481130087,32.6766,-96.8716,NAD83
484393006,32.69306,-97.24861,NAD83
481133004,32.7106,-96.8033,NAD83
350250008,32.72666,-103.12292,NAD83
484391006,32.7591643920728,-97.3415657150509,NAD83
060731018,32.81798,-116.96813,NAD83
481130069,32.81995,-96.86008,NAD83
060250007,32.9783434598013,-115.538577768744,NAD83
132450091,33.4337914882033,-82.022277676951,NAD83
010732059,33.52143,-86.84411,NAD83
483030001,33.59085,-101.84759,NAD83
130890002,33.6880364183124,-84.2903065110712,NAD83
060590007,33.83062,-117.93845,NAD83
132230003,33.9285349597135,-85.0454378871978,NAD83
131350002,33.962426231003,-84.0691256231003,NAD83
400190295,34.16667,-97.12639,NAD83
061110007,34.209858569425,-118.86946973352,NAD83
061113001,34.2548356477733,-119.142514453441,NAD83
131150003,34.2608786971047,-85.3231509743875,NAD83
060718001,34.26444,-116.86444,NAD83
061112002,34.2772791058394,-118.684685100365,NAD83
131390003,34.3002608695652,-83.8133734782609,NAD83
060710306,34.5100025442834,-117.330781352657,NAD83
371550005,34.6432535684299,-78.99028,NAD83
060379033,34.67139,-118.130788947368,NAD83
010331002,34.7600121896552,-87.65056,NAD83
450450012,34.8172,-82.41849,NAD83
450450014,34.84399,-82.40116,NAD83
450450013,34.8548,-82.38063,NAD83
450450011,34.88451,-82.35981,NAD83
132950002,34.9788965625,-85.3009275,NAD83
060290011,35.0505593676815,-118.146446908665,NAD83
470654002,35.0509289950577,-85.2929750247117,NAD83
400159008,35.11194,-98.25278,NAD83
470990002,35.1161716769638,-87.4699984024713,NAD83
471570024,35.15083,-90.04139,NAD83
471570038,35.18417,-89.93028,NAD83
040051008,35.2060842857143,-111.652784285714,NAD83
470651011,35.2335148360656,-85.1817402459016,NAD83
371230001,35.2608203865979,-79.838977757732,NAD83
060290016,35.3243496551724,-118.99917,NAD83
060290014,35.3561036520919,-119.040575177729,NAD83
471071002,35.4509118099548,-84.5985793936652,NAD83
060290015,35.623072300885,-117.675975929204,NAD83
471130006,35.651689,-88.8096356956522,NAD83
471192007,35.6519120771253,-87.0229921998247,NAD83
400819005,35.6725,-96.65722,NAD83
471050108,35.7447479073909,-84.3172599109528,NAD83
320031019,35.7856414909091,-115.357058127273,NAD83
371170001,35.8106869539249,-76.898675947099,NAD83
371210004,35.91249,-82.06208,NAD83
470450004,36.0500501869991,-89.3822417008014,NAD83
060310004,36.1015968646409,-119.566162596685,NAD83
370810013,36.1087177358491,-79.8016098427673,NAD83
470370036,36.11825,-86.87355,NAD83
320030540,36.1427307630522,-115.07911313253,NAD83
320030561,36.1639838565297,-115.113927271613,NAD83
471410005,36.1857150590763,-85.4921777658432,NAD83
371890003,36.2204364497041,-81.6615093998309,NAD83
471650007,36.2977362198168,-86.6528516402998,NAD83
061072002,36.3322078746825,-119.290567976291,NAD83
471631007,36.5402843508169,-82.5216487188306,NAD83
471251010,36.625,-87.16917,NAD83
060531003,36.6968096511628,-121.636463604651,NAD83
060195025,36.7269232516704,-119.732273541203,NAD83
060190008,36.7813892515091,-119.772232100604,NAD83
060190011,36.78532,-119.77417,NAD83
060195001,36.8191486557377,-119.716735065574,NAD83
210470006,36.9116818700615,-87.3235298770852,NAD83
401159004,36.92222,-94.83889,NAD83
212270008,37.0365758896797,-86.2505653558719,NAD83
212270009,37.04926,-86.21487,NAD83
211451024,37.05822,-88.57251,NAD83
211990003,37.09798,-84.61152,NAD83
490530007,37.129,-113.183,NAD83
060472510,37.3090281257143,-120.48074984,NAD83
060850005,37.3485,-121.89495685,NAD83
201910002,37.4769298904802,-97.366392021904,NAD83
211950002,37.4827230998249,-82.5352926444834,NAD83
060990005,37.6416599245283,-120.993723069182,NAD83
201730008,37.6597158990536,-97.2972251524711,NAD83
201330003,37.67696,-95.47594,NAD83
290390001,37.6984686885246,-94.036088852459,NAD83
210930006,37.7061633104041,-85.8519490025795,NAD83
201731012,37.74708,-97.31691,NAD83
210590005,37.780814496124,-87.0754824806202,NAD83
211010014,37.8713340600858,-87.4634536566524,NAD83
060130002,37.9360012899669,-122.026193550165,NAD83
181630023,37.97447,-87.55802,NAD83
211110075,38.1936,-85.7119,NAD83
180190006,38.27768,-85.74015,NAD83
180431004,38.30806,-85.83417,NAD83
291890004,38.5325,-90.38278,NAD83
060670010,38.5583090603248,-121.492157772622,NAD83
100051002,38.6453685143354,-75.6127466898349,NAD83
061131003,38.6617644808743,-121.728960546448,NAD83
060610006,38.7458001168614,-121.265587796327,NAD83
290370003,38.77028,-94.58,NAD83
240338003,38.81194,-76.74417,NAD83
200910010,38.838586433121,-94.7464282165605,NAD83
110010042,38.8803815059222,-77.0326530964467,NAD83
110010041,38.8971770689655,-76.9529176394984,NAD83
240030014,38.9025,-76.65306,NAD83
240330025,38.9416076439791,-76.9334153926702,NAD83
200910007,38.9744440074211,-94.686954025974,NAD83
201770013,39.024267443609,-95.71128,NAD83
290950010,39.036,-94.5741,NAD83
240330030,39.05528,-76.87833,NAD83
390610042,39.1049758530184,-84.5511281102362,NAD83
240313001,39.11444,-77.10694,NAD83
202090021,39.1174159761296,-94.6355720034101,NAD83
061010003,39.1388468386389,-121.61787766191,NAD83
325100020,39.1447,-119.7661,NAD83
390610048,39.14603,-84.53838,NAD83
100010003,39.155,-75.51806,NAD83
240031003,39.16953,-76.62793,NAD83
060111002,39.2030282386364,-122.016928977273,NAD83
245100035,39.23278,-76.57972,NAD83
060570005,39.234407140255,-121.055867686703,NAD83
180050008,39.23746,-85.89133,NAD83
245100049,39.26167,-76.6375,NAD83
245100008,39.2877389910314,-76.5471218535127,NAD83
245100040,39.2980259204618,-76.6047076074407,NAD83
240053001,39.31083,-76.47444,NAD83
080350005,39.33293,-104.74522,NAD83
060571001,39.3385772848789,-120.170580384294,NAD83
245100007,39.3445117036507,-76.6853141445956,NAD83
240251001,39.41,-76.29667,NAD83
390090003,39.4424002877698,-81.9086764748201,NAD83
100031007,39.551128759058,-75.7309455163043,NAD83
240150003,39.70111,-75.86,NAD83
080310027,39.73217,-105.0153,NAD83
100032004,39.73944,-75.55806,NAD83
391130038,39.75597,-84.19867,NAD83
060070002,39.757490816777,-121.842295584989,NAD83
100031003,39.76111,-75.49194,NAD83
060070008,39.76154,-121.84162,NAD83
080310026,39.77949,-105.00518,NAD83
180970087,39.78793,-86.13088,NAD83
060631009,39.80833,-120.47167,NAD83
060631010,39.81336,-120.47069,NAD83
490475632,39.86862,-109.0973,NAD83
421010055,39.9225372521246,-75.1867869008499,NAD83
390490039,39.92853,-82.9801,NAD83
390230005,39.9288695050336,-83.809652659396,NAD83
340070002,39.93445,-75.12529,NAD83
060631006,39.9371856992084,-120.938077273527,NAD83
421010047,39.9447168936496,-75.1659816794185,NAD83
421010057,39.9602705518987,-75.1423756253165,NAD83
180570007,39.96088,-85.93955,NAD83
421010048,39.99139,-75.08083,NAD83
421010004,40.00889,-75.09778,NAD83
390490081,40.0877544772118,-82.9597359517426,NAD83
490495010,40.1363745716783,-111.659960681818,NAD83
490490002,40.25361,-111.66306,NAD83
420030133,40.26013,-79.8865,NAD83
421255200,40.26896,-80.24399,NAD83
490130002,40.29418,-110.00973,NAD83
340218001,40.3144422943327,-74.8596816087751,NAD83
390810021,40.31951,-80.60795,NAD83
490494001,40.34139,-111.71361,NAD83
420030067,40.3793573545966,-80.1791566791745,NAD83
420031301,40.4024337927845,-79.8605487234042,NAD83
490495008,40.43028,-111.80389,NAD83
181570008,40.43164,-86.8525,NAD83
490471003,40.45227,-109.51039,NAD83
420030008,40.4655039840638,-79.9609699601594,NAD83
180670004,40.48135,-86.10972,NAD83
420030002,40.49977,-80.07134,NAD83
490353008,40.51795,-112.02305,NAD83
490450003,40.5433507977208,-112.299069230769,NAD83
060890004,40.5497182534247,-122.379666695205,NAD83
420030093,40.606943566879,-80.0212170063694,NAD83
420031008,40.6181552554744,-79.727398649635,NAD83
060893004,40.6304,-122.4031,NAD83
490350003,40.64667,-111.84972,NAD83
060893005,40.69184,-122.40179,NAD83
490353007,40.70444,-111.96861,NAD83
490351001,40.70861,-112.09472,NAD83
060231005,40.71528,-124.20139,NAD83
340130003,40.7209981987578,-74.192868136646,NAD83
490353006,40.73639,-111.87222,NAD83
390030009,40.7710157317073,-84.053537804878,NAD83
060231002,40.8016964756447,-124.161978510029,NAD83
490350012,40.8075,-111.92111,NAD83
360050110,40.8161703858375,-73.9020336495688,NAD83
360050083,40.86586,-73.88075,NAD83
340410007,40.9245923291925,-75.0678141097308,NAD83
310790004,40.9421,-98.36497,NAD83
391530023,41.0880297357204,-81.5416518414322,NAD83
490570007,41.17972,-111.98306,NAD83
490570002,41.2063642572464,-111.975014202899,NAD83
490571003,41.3036650439024,-111.987240926829,NAD83
490030003,41.4927590179334,-112.018299795047,NAD83
390350060,41.4934285168335,-81.6785231392175,NAD83
560370870,41.58872,-109.76098,NAD83
440030002,41.6154593045897,-71.7199390820584,NAD83
490050006,41.63546,-111.86819,NAD83
390950024,41.6441449825297,-83.5465649266247,NAD83
390850007,41.7268149929676,-81.242060140647,NAD83
060932001,41.7278004516129,-122.634123741935,NAD83
090030025,41.77144,-72.67992,NAD83
440070022,41.8078635800691,-71.4150508352535,NAD83
440070028,41.8092957091346,-71.40743,NAD83
490050005,41.8594,-111.8952,NAD83
440070026,41.8746593050193,-71.379953957529,NAD83
261150006,41.92358,-83.34573,NAD83
191130037,42.0076114523589,-91.6787625531915,NAD83
160410001,42.01333,-111.80917,NAD83
250230005,42.06511,-71.01213,NAD83
250230004,42.082018119349,-71.014792079566,NAD83
160410002,42.08222,-111.86417,NAD83
361010003,42.0911223722476,-77.2099770211882,NAD83
410370001,42.1890091799544,-120.352696047836,NAD83
410330011,42.28972,-123.2325,NAD83
410290133,42.3140864299548,-122.879237856682,NAD83
250250044,42.32519,-71.05606,NAD83
250250043,42.3631,-71.0542195621268,NAD83
410330114,42.43414,-123.348482820513,NAD83
250092006,42.4746639130435,-70.9712504347826,NAD83
550590019,42.50472,-87.8093,NAD83
190550001,42.60083,-91.5384202821317,NAD83
250112005,42.60582,-72.59669,NAD83
250170009,42.62668,-71.36207,NAD83
250096001,42.6982339493671,-71.1648410886076,NAD83
330111015,42.7619591631799,-71.444564874477,NAD83
360291007,42.82729,-78.849865,NAD83
160050015,42.87673,-112.46035,NAD83
160770011,42.9125,-112.53556,NAD83
360290023,42.92111,-78.76583,NAD83
550790058,42.9305652247191,-87.9321,NAD83
550790010,43.01667,-87.93333,NAD83
551330027,43.0202194350842,-88.2150201883053,NAD83
550790043,43.02641,-87.91111,NAD83
550790099,43.0401840855615,-87.9221697967914,NAD83
550790026,43.0610801538462,-87.9125523076923,NAD83
550250047,43.073323248974,-89.4358162209302,NAD83
360632008,43.0821721979287,-79.0010326927503,NAD83
550250041,43.1008369256757,-89.3572754054054,NAD83
410190002,43.22769,-123.3644,NAD83
551110007,43.4354462713568,-89.6801479095477,NAD83
550890009,43.4980526036132,-87.8100024654623,NAD83
160190013,43.51827,-112.02071,NAD83
460990007,43.53763,-96.682,NAD83
460990006,43.54429,-96.72643,NAD83
160270004,43.5624,-116.56323,NAD83
160270002,43.58031,-116.56268,NAD83
160010011,43.63611,-116.27028,NAD83
410392013,43.74435,-122.4805126171,NAD83
460710001,43.74561,-101.94122,NAD83
550630012,43.7778814741036,-91.2257061752988,NAD83
160270008,43.78715,-116.95958,NAD83
410399002,43.79047,-123.05834,NAD83
410399004,43.7995412577065,-123.05349,NAD83
410391007,43.8345,-123.0353,NAD83
160450001,43.85644,-116.51546,NAD83
271095008,43.99691,-92.45037,NAD83
410390060,44.02631,-123.08374,NAD83
410391009,44.0467,-123.0177,NAD83
410170120,44.0639,-121.31258,NAD83
461030016,44.06493,-103.20914,NAD83
410390058,44.0663,-123.13983,NAD83
410390059,44.06722,-123.14135,NAD83
461031001,44.079899704142,-103.22847964497,NAD83
461030020,44.0874,-103.27378,NAD83
460110002,44.31028,-96.80071,NAD83
230110016,44.31232,-69.78672,NAD83
551350004,44.35288,-89.05083,NAD83
410432002,44.3958,-122.729962222222,NAD83
230112006,44.5684,-69.62075,NAD83
410430009,44.61565,-123.0916,NAD83
360893001,44.6778585269122,-74.9503516997167,NAD83
550350014,44.7610829493088,-91.2711566820277,NAD83
271390505,44.79144,-93.51253,NAD83
560331003,44.79551,-106.95857,NAD83
270530968,44.89301,-93.23323,NAD83
460290002,44.89965,-97.1288,NAD83
270530050,45.00123,-93.26712,NAD83
270530965,45.00448,-93.24005,NAD83
271630448,45.02124,-92.77525,NAD83
551198001,45.2042276940382,-90.5996584926884,NAD83
460130003,45.4625,-98.48611,NAD83
230210004,45.4649238489647,-69.592193727162,NAD83
410670111,45.4702,-122.81585,NAD83
410670004,45.5285179923761,-122.972423989835,NAD83
271453052,45.54984,-94.13345,NAD83
410510246,45.5613,-122.67878,NAD83
550410007,45.5646354875717,-88.8086265391969,NAD83
410650007,45.6024,-121.20335,NAD83
530110013,45.64833,-122.58694,NAD83
410590121,45.651999265873,-118.819513293651,NAD83
160490003,46.2094,-116.0275,NAD83
530030004,46.42557,-117.05973,NAD83
550030010,46.6071723993289,-90.6731766275168,NAD83
300490026,46.6587959693878,-112.012536071429,NAD83
271377554,46.74366,-92.166,NAD83
300490004,46.850505042735,-111.987154957265,NAD83
530670013,47.0294,-122.82155,NAD83
270210001,47.15994,-94.15099,NAD83
271377001,47.52336,-92.5363,NAD83
160790017,47.53639,-116.23667,NAD83
530330080,47.5683121061947,-122.308173327434,NAD83
530070010,47.59886,-120.6647,NAD83
300290047,48.2025,-114.30556,NAD83
CC0110002,49.13514,-102.98485,NAD83
021700008,61.53416,-149.03166,NAD83
020900033,64.75234,-147.34721,NAD83
020900035,64.76297,-147.3103,NAD83
020900010,64.8409648669202,-147.720811425856,NAD83
020900034,64.84569,-147.72741,NAD83
780100012,17.71444,-64.78528,NAD27
720570008,17.9577121653085,-66.1651633294529,NAD27
720010002,18.1751742982456,-66.7261527192982,NAD27
780300009,18.34528,-64.92333,NAD27
720530003,18.3833534882006,-65.6194201253687,NAD27
720610005,18.4398599779857,-66.1146510952119,NAD27
721270003,18.4494822204214,-66.0527916855754,NAD27
150031004,21.305,-157.87333,NAD27
150031001,21.31028,-157.85806,NAD27
120866001,25.4714997759674,-80.4832202240326,NAD27
120861016,25.7941792375785,-80.2078559023415,NAD27
120113002,26.00083,-80.16056,NAD27
120111002,26.0829472069825,-80.2376917518703,NAD27
120112004,26.21722,-80.12778,NAD27
120112003,26.2908492244898,-80.0967771836735,NAD27
121150013,27.29056,-82.5074472189349,NAD27
121111002,27.44889,-80.40833,NAD27
121030018,27.7857156584537,-82.7399347238743,NAD27
120951004,28.55083,-81.34556,NAD27
121171002,28.745664028838,-81.3101059202714,NAD27
221090001,29.67888,-90.77997,NAD27
120010023,29.7047044625967,-82.3896051762683,NAD27
220512001,29.88306,-90.08333,NAD27
220890005,29.93306,-90.35944,NAD27
220710010,29.9555,-90.12166,NAD27
220710012,29.99444,-90.10278,NAD27
220511001,30.0434254680665,-90.2750358005249,NAD27
120051004,30.14417,-85.61444,NAD27
220190010,30.17714,-93.21451,NAD27
220550005,30.2175,-92.05139,NAD27
220550007,30.2175,-92.05139,NAD27
220470005,30.21778,-91.06056,NAD27
220470009,30.22056,-91.31611,NAD27
280450001,30.23017,-89.56744,NAD27
220550006,30.27483,-92.0172,NAD27
120310032,30.3563179178716,-81.6354153614806,NAD27
221050001,30.50306,-90.37694,NAD27
120330004,30.5251821827411,-87.2038647208122,NAD27
220331001,30.58722,-91.20694,NAD27
010530002,31.10639,-87.07111,NAD27
131270006,31.1696922923588,-81.495912051495,NAD27
220790002,31.17764,-92.41061,NAD27
220290003,31.57424,-91.45524,NAD27
350130017,31.79583,-106.5575,NAD27
130510017,32.09291375,-81.14403625,NAD27
130510091,32.1107265326633,-81.1618816080402,NAD27
040190011,32.3225735575221,-111.037847769912,NAD27
281490004,32.32283,-90.88711,NAD27
011010007,32.42583,-86.28528,NAD27
220170008,32.47167,-93.795,NAD27
011130001,32.4764673589041,-84.9991580986301,NAD27
220171002,32.47833,-93.76583,NAD27
220730004,32.50971,-92.04609,NAD27
132150008,32.5212496433878,-84.9447038484398,NAD27
060730001,32.63123,-117.05908,NAD27
060250005,32.6761446646571,-115.483680979653,NAD27
060731007,32.70917,-117.15398,NAD27
481130050,32.7741974590164,-96.7977525409836,NAD27
130210007,32.7774344247788,-83.6411159221239,NAD27
060730003,32.79119,-116.94209,NAD27
060251003,32.7918424738676,-115.562105888502,NAD27
481130035,32.91667,-96.76861,NAD27
133030001,32.9748591694725,-82.8087769248036,NAD27
060731002,33.12771,-117.07533,NAD27
051390006,33.2187381866667,-92.6694078133333,NAD27
011210002,33.27953604033,-86.34944,NAD27
132450005,33.4691238556933,-81.9914687260428,NAD27
130630091,33.6098398695652,-84.3910460695652,NAD27
131210048,33.7793131578947,-84.3957696240602,NAD27
131210039,33.8022987804878,-84.4355978397213,NAD27
131210032,33.8195235881675,-84.3897308067614,NAD27
011270002,33.83278,-87.2725,NAD27
130670004,33.8992850391937,-84.6615299776036,NAD27
130892001,33.9013552734375,-84.2799223242187,NAD27
130590002,33.918035515211,-83.3444485279686,NAD27
130590001,33.94583,-83.37222,NAD27
061110009,34.40461,-118.81,NAD27
060830011,34.42778,-119.69028,NAD27
051070001,34.529427721519,-90.5858594131185,NAD27
010890014,34.68767,-86.58637,NAD27
051190007,34.7561665540541,-92.279696883446,NAD27
470650031,34.9942446340121,-85.241723880022,NAD27
471570014,35.08583,-89.94944,NAD27
371190010,35.22528,-80.88278,NAD27
051450001,35.2487962376238,-91.7154605940594,NAD27
060792006,35.25661,-120.66889,NAD27
060792002,35.28389,-120.65417,NAD27
471571004,35.37722,-89.83222,NAD27
060290010,35.3855609195402,-119.014746666667,NAD27
051310008,35.3890369448584,-94.4184554992548,NAD27
370990006,35.46667,-83.27806,NAD27
060798001,35.49139,-120.66806,NAD27
040151000,35.5400183739837,-113.410716585366,NAD27
050670001,35.5806122818792,-91.172180987536,NAD27
350490020,35.67111,-105.95361,NAD27
401010169,35.75527,-95.37767,NAD27
470370025,36.1,-86.73444,NAD27
370670022,36.11056,-80.22667,NAD27
471410001,36.17361,-85.50944,NAD27
470370023,36.17633,-86.7389,NAD27
400970186,36.30462,-95.31062,NAD27
400470554,36.42028,-97.88694,NAD27
060271003,36.4877917279412,-117.870700735294,NAD27
471251009,36.5145013677506,-87.3278413677506,NAD27
515200006,36.607890092827,-82.1642698565401,NAD27
210130002,36.6081711262799,-83.73694,NAD27
350450006,36.7275,-108.22083,NAD27
518100008,36.8415805060729,-76.1812922325043,NAD27
060690002,36.84417,-121.36111,NAD27
060870007,36.984,-121.9883,NAD27
212270007,36.99333,-86.41833,NAD27
060850002,37,-121.57444,NAD27
516500004,37.00333,-76.39917,NAD27
211451004,37.0657067597208,-88.637772662014,NAD27
211250004,37.08722,-84.06333,NAD27
517700014,37.25611,-79.985,NAD27
211930003,37.2831190188679,-83.2174676226415,NAD27
517750010,37.29194,-80.05694,NAD27
060852003,37.3062,-121.8489,NAD27
211830032,37.31972,-86.9561,NAD27
510360002,37.3438391744681,-77.2596370127659,NAD27
060811001,37.4829018813559,-122.203398118644,NAD27
060011001,37.5358,-121.9619,NAD27
060510001,37.64806,-118.97333,NAD27
201730009,37.65111,-97.362217941681,NAD27
510870015,37.6708162089301,-77.5669328559393,NAD27
060010007,37.6875,-121.7842,NAD27
201730010,37.7013001964133,-97.3140801964133,NAD27
211510003,37.7381781739879,-84.2853797846684,NAD27
060750005,37.766,-122.3991,NAD27
060771002,37.95083,-121.2675,NAD27
291860006,37.9672526506024,-90.0511589759036,NAD27
181630006,37.9717011065574,-87.5672303688525,NAD27
210290006,37.98556,-85.71306,NAD27
181630012,38.02167,-87.56944,NAD27
210670014,38.03889,-84.5075,NAD27
210670012,38.0650089388795,-84.4992878692699,NAD27
060950004,38.1027,-122.2382,NAD27
201070002,38.1358356088207,-94.7319456088207,NAD27
181470009,38.1675170083102,-86.9832279501385,NAD27
060090001,38.20194,-120.68056,NAD27
210730006,38.21936,-84.8385,NAD27
210430500,38.2385438751069,-82.9882389050471,NAD27
180372001,38.391432071952,-86.9291615856096,NAD27
290990012,38.4377979616088,-90.3614259232176,NAD27
060970003,38.4435,-122.71,NAD27
210190017,38.4592212721146,-82.6405147598989,NAD27
511650003,38.4774531270011,-78.8193442902882,NAD27
390870010,38.51972,-82.66556,NAD27
511130003,38.52194,-78.43611,NAD27
295100007,38.5425355793451,-90.2636811586902,NAD27
060674001,38.5559515301286,-121.457531117129,NAD27
295100087,38.6424959566075,-90.1855864036818,NAD27
291892003,38.6497586800699,-90.3506373601399,NAD27
295100085,38.6564200230814,-90.1984437824582,NAD27
511390004,38.6635333783784,-78.5045674662162,NAD27
295100086,38.6722282369942,-90.2389064739884,NAD27
180830004,38.7408661043689,-87.4847272208738,NAD27
391450013,38.7542775759717,-82.9173749116608,NAD27
510590030,38.7730693643456,-77.105113262063,NAD27
510130020,38.8575939609236,-77.0591934902309,NAD27
200910009,38.86306,-94.76889,NAD27
291831002,38.8725315831987,-90.2264531663974,NAD27
510595001,38.9320005901639,-77.1988284918033,NAD27
290190004,38.95639,-92.32167,NAD27
100010002,38.9849202337662,-75.5556064761905,NAD27
201770011,39.02139,-95.74833,NAD27
511071005,39.0245843679163,-77.4896266346992,NAD27
060333001,39.0316524302135,-122.922234022989,NAD27
201770010,39.04,-95.69167,NAD27
202090022,39.0458332,-94.6944425333333,NAD27
210370003,39.06556,-84.45194,NAD27
211170007,39.0725,-84.525,NAD27
390250022,39.08232,-84.14419,NAD27
290950034,39.1047468855535,-94.5707213133208,NAD27
390610040,39.1286883549784,-84.5041292554113,NAD27
060450006,39.15056,-123.205,NAD27
240032002,39.15972,-76.51167,NAD27
390617001,39.16,-84.45778,NAD27
390618001,39.18028,-84.49194,NAD27
390610041,39.18597,-84.51372,NAD27
390610014,39.1942075424837,-84.4789111176471,NAD27
390610010,39.2149386351706,-84.6908408923885,NAD27
390610006,39.2785503914591,-84.3660077935943,NAD27
390610043,39.29028,-84.41444,NAD27
290470005,39.3030776978417,-94.3765256834532,NAD27
390170016,39.3383482720274,-84.5664539520958,NAD27
245100006,39.34056,-76.58222,NAD27
391650007,39.4278,-84.20221,NAD27
540030003,39.44801,-77.96412,NAD27
181670023,39.4562124526601,-87.3705521190261,NAD27
240051007,39.461556511431,-76.6312434546994,NAD27
291370001,39.47306,-91.78917,NAD27
181670018,39.4861307062877,-87.4013951765719,NAD27
390170003,39.4936618970448,-84.3540314299333,NAD27
390170017,39.525,-84.36944,NAD27
390171004,39.53,-84.3925,NAD27
240430009,39.56556,-77.72194,NAD27
180970042,39.64625,-86.24878,NAD27
100031012,39.6919460414788,-75.761558232642,NAD27
290210005,39.7416820140105,-94.8584801751313,NAD27
180970043,39.7449666083283,-86.1664911888956,NAD27
391130031,39.75944,-84.14444,NAD27
391130032,39.7603642985487,-84.1877578161714,NAD27
180970066,39.76044,-86.10885,NAD27
390570005,39.8081455489362,-83.8869796340425,NAD27
391351001,39.8355775721562,-84.7207304244482,NAD27
180970079,39.89361,-86.04056,NAD27
421010136,39.9275,-75.22278,NAD27
390490025,39.9281669893428,-82.9810840763765,NAD27
390490024,39.9984566203302,-82.9931745612511,NAD27
421010020,40.00222,-75.22028,NAD27
421010024,40.07639,-75.01194,NAD27
180950009,40.1119719851577,-85.6799600185529,NAD27
180350006,40.2011349665924,-85.3880100668151,NAD27
390811001,40.3219635188867,-80.6063737176938,NAD27
420030064,40.3237123522695,-79.8681660519555,NAD27
390810017,40.3662355229592,-80.6152311862245,NAD27
540090011,40.39458,-80.61202,NAD27
420030021,40.41361,-79.94139,NAD27
420030095,40.48694,-80.18806,NAD27
420039002,40.54694,-79.78389,NAD27
360850055,40.6330547649186,-74.1371717179023,NAD27
360610134,40.7143101843318,-73.995225483871,NAD27
360610062,40.72052,-74.00409,NAD27
361030001,40.74583,-73.42028,NAD27
391510017,40.786737775571,-81.3943593147964,NAD27
360610079,40.7995996733668,-73.9340220603015,NAD27
391510020,40.8006258527132,-81.373202868217,NAD27
311090022,40.81259,-96.68302,NAD27
310250002,40.86556,-96.14667,NAD27
361191002,40.9308813069544,-73.7672355515588,NAD27
180030014,41.05056,-85.14972,NAD27
391530017,41.0633729164197,-81.4686851037344,NAD27
180030004,41.0947692579251,-85.1019034293948,NAD27
390990014,41.0958860294118,-80.658446582633,NAD27
391030003,41.10278,-81.91167,NAD27
390990005,41.1111159933775,-80.6452140728477,NAD27
311111002,41.13611,-100.76444,NAD27
391330002,41.1642331777379,-81.2350549371634,NAD27
391550007,41.21417,-80.7875,NAD27
391550005,41.2310309621993,-80.8019222680412,NAD27
310550019,41.2466882829809,-95.9739896022155,NAD27
090090018,41.29389,-72.90139,NAD27
390351002,41.3958074949698,-81.8182668108652,NAD27
390930016,41.43944,-82.16167,NAD27
390350065,41.4464880635838,-81.6621023121387,NAD27
390933002,41.4630630460751,-82.1143851706485,NAD27
390350045,41.4717063127413,-81.657078050193,NAD27
390350038,41.4769650701647,-81.6820975838926,NAD27
390350027,41.4775,-81.70306,NAD27
311770002,41.5511751848592,-96.1464584683099,NAD27
390350034,41.5550772586873,-81.5750873359073,NAD27
180890026,41.5732092173913,-87.4058963188406,NAD27
180892004,41.5854542007435,-87.4744795910781,NAD27
180891003,41.58889,-87.40778,NAD27
180910012,41.60222,-86.73028,NAD27
180890022,41.6066762367347,-87.3047262367347,NAD27
181270024,41.6175362478485,-87.1992183304647,NAD27
390950026,41.6205816319444,-83.6416557638889,NAD27
181270020,41.63139,-87.08694,NAD27
180890006,41.6361257837838,-87.4408378918919,NAD27
390950025,41.66194,-83.47944,NAD27
181410014,41.6634222530121,-86.2078154819277,NAD27
191532520,41.66472,-93.61417,NAD27
180390003,41.66778,-85.96944,NAD27
180892010,41.6783448401323,-87.5083448401323,NAD27
181411008,41.69361,-86.23667,NAD27
181412004,41.69444,-86.2875,NAD27
181410015,41.69669,-86.21468,NAD27
180910011,41.707168197457,-86.8912029693343,NAD27
390853002,41.7225,-81.24194,NAD27
490050004,41.73111,-111.8375,NAD27
390851001,41.755,-81.27306,NAD27
440071010,41.8412506818182,-71.360853513986,NAD27
311570003,41.865,-103.66444,NAD27
490037001,41.94595,-112.23318,NAD27
410350004,42.189299435128,-121.725075666372,NAD27
261610005,42.29389,-83.71111,NAD27
410294001,42.42639,-122.85083,NAD27
190130008,42.49306,-92.34389,NAD27
410291001,42.53611,-122.875,NAD27
160050018,42.79646,-112.25812,NAD27
360290005,42.876893026493,-78.8096148675348,NAD27
550790059,42.955,-87.93417,NAD27
160050020,42.97833,-112.455,NAD27
550250048,43.093,-89.34005,NAD27
330190003,43.36444,-72.33833,NAD27
550270007,43.435,-88.52778,NAD27
330012004,43.5657707705193,-71.4961433835846,NAD27
410250002,43.58639,-119.05111,NAD27
330090010,43.6295830726257,-72.2533691061452,NAD27
500010003,43.86769,-73.35617,NAD27
500010002,43.92652,-73.38464,NAD27
550710007,44.13861,-87.61611,NAD27
550870009,44.3071746952706,-88.3953306387128,NAD27
330070014,44.47111,-71.16667,NAD27
550090009,44.52361,-88.00111,NAD27
300310013,44.65778,-111.09083,NAD27
551091002,45.12444,-92.6625,NAD27
300870307,45.62333,-106.66806,NAD27
410090004,45.76806,-122.77194,NAD27
301111065,45.80194,-108.42611,NAD27
551250001,46.049486179159,-89.6534066361974,NAD27
260430002,46.13944,-87.90722,NAD27
260710001,46.15988,-88.11963,NAD27
260330903,46.454,-84.6067,NAD27
530770009,46.5972418262806,-120.507505144766,NAD27
300490018,46.60389,-112.03528,NAD27
230031008,46.6983710738255,-68.0390210469799,NAD27
300630031,46.87491,-113.99525,NAD27
300490019,46.95448,-112.69674,NAD27
530370002,46.99611,-120.54528,NAD27
300630021,47.1771,-113.4827,NAD27
530530029,47.1864,-122.4517,NAD27
160090011,47.3387,-116.88461,NAD27
230030013,47.355,-68.32278,NAD27
530070006,47.41222,-120.31833,NAD27
300131026,47.50222,-111.27889,NAD27
300470013,47.52694,-114.10056,NAD27
300470028,47.69222,-114.16222,NAD27
530630047,47.70111,-117.425,NAD27
530330024,47.755,-122.2806,NAD27
530610005,47.8064,-122.3167,NAD27
530470009,48.36427,-120.12112,NAD27
300290007,48.38111,-114.17472,NAD27
300530018,48.38417,-115.54806,NAD27
300290009,48.39972,-114.33361,NAD27
160210002,48.70555,-116.36897,NAD27
021100004,58.38889,-134.56556,NAD27
